{"1": {"Filled": 0.9926713705062866, "Liquid": 0.9959285259246826, "Transparent": 1.0}}